{
    "llava": {
        "bleu_4": 0.16759722833940244,
        "meteor": 0.2205751414992176,
        "spice": 0.1504424778761062,
        "cider-d": 0.0,
        "spice-pt": 0.00046232085067036526
    },
    "qwen": {
        "bleu_4": 0.9270350896533122,
        "meteor": 0.5843242701179648,
        "spice": 0.33480176211453744,
        "cider-d": 0.0,
        "spice-pt": 0.0008591065292096219
    }
}