{
    "llava": {
        "bleu_4": 0.25212909110743925,
        "meteor": 0.24530756132511816,
        "spice": 0.07425742574257425,
        "cider-d": 0.0,
        "spice-pt": 0.020646178092986606
    },
    "qwen": {
        "bleu_4": 0.7572269926627302,
        "meteor": 0.4463866999889219,
        "spice": 0.06486486486486487,
        "cider-d": 0.0,
        "spice-pt": 0.30757833913623234
    }
}