{
    "llava": {
        "bleu_4": 0.2900064640714458,
        "meteor": 0.21136473665941538,
        "spice": 0.010075566750629724,
        "cider-d": 0.0,
        "spice-pt": 0.03686918177364037
    },
    "qwen": {
        "bleu_4": 0.854226977550185,
        "meteor": 0.32592520360237637,
        "spice": 0.04663212435233161,
        "cider-d": 0.0,
        "spice-pt": 0.03070777680689052
    }
}