{
    "llava": {
        "bleu_4": 0.2621397340739113,
        "meteor": 0.29206174110984523,
        "spice": 0.023980815347721823,
        "cider-d": 0.0,
        "spice-pt": 0.041067276238521265
    },
    "qwen": {
        "bleu_4": 0.767838074285836,
        "meteor": 0.3757841496799995,
        "spice": 0.010610079575596818,
        "cider-d": 0.0,
        "spice-pt": 0.275981617350641
    }
}