{
    "llava": {
        "bleu_4": 0.21652514562085826,
        "meteor": 0.22798419266296346,
        "spice": 0.033707865168539325,
        "cider-d": 0.0,
        "spice-pt": 0.09219773674806432
    },
    "qwen": {
        "bleu_4": 0.8770768235322126,
        "meteor": 0.619834014335783,
        "spice": 0.20771513353115728,
        "cider-d": 0.0,
        "spice-pt": 0.2981683283097612
    }
}