{
    "llava": {
        "bleu_4": 0.2125438872534033,
        "meteor": 0.2697665418530797,
        "spice": 0.06818181818181818,
        "cider-d": 0.0,
        "spice-pt": 0.06546301688992429
    },
    "qwen": {
        "bleu_4": 0.9208958338992121,
        "meteor": 0.570367910511469,
        "spice": 0.25742574257425743,
        "cider-d": 0.0,
        "spice-pt": 0.18997004541501594
    }
}