{
    "llava": {
        "bleu_4": 0.29243291884070094,
        "meteor": 0.21510500037891883,
        "spice": 0.08225108225108224,
        "cider-d": 0.0,
        "spice-pt": 0.024709609292502637
    },
    "qwen": {
        "bleu_4": 0.8609875743687847,
        "meteor": 0.5013317149185028,
        "spice": 0.11764705882352941,
        "cider-d": 0.0,
        "spice-pt": 0.12843571880937305
    }
}