{"llava": {"bleu_4": 5.961936797758374e-06, "meteor": 0.11619302366226815, "spice": 0.014705882352941176}, "qwen": {"bleu_4": 8.60872485501776e-14, "meteor": 0.06851555401721975, "spice": 0.0}}