{"llava": {"bleu_4": 1.2882279992852361e-09, "meteor": 0.18586775179944437, "spice": 0.04545454545454545}, "qwen": {"bleu_4": 1.2653299443733866e-09, "meteor": 0.17844959242873915, "spice": 0.05063291139240506}}