{"llava": {"bleu_4": 0.036174841929588496, "meteor": 0.1902648175047179, "spice": 0.039603960396039604}, "qwen": {"bleu_4": 0.07462790357333475, "meteor": 0.19352239951708622, "spice": 0.02564102564102564}}