{"llava": {"bleu_4": 9.208371545151759e-10, "meteor": 0.15130432278348074, "spice": 0.014184397163120567}, "qwen": {"bleu_4": 0.0733531808821473, "meteor": 0.1475988723670642, "spice": 0.0}}