{"llava": {"bleu_4": 1.079321753985878e-09, "meteor": 0.14172555943742524, "spice": 0.03508771929824561}, "qwen": {"bleu_4": 0.03595868183125092, "meteor": 0.1280997337748898, "spice": 0.031496062992125984}}