{"llava": {"bleu_4": 1.0853981226495367e-09, "meteor": 0.16217390021268485, "spice": 0.025806451612903222}, "qwen": {"bleu_4": 1.1151771800919158e-09, "meteor": 0.14147880475043267, "spice": 0.04580152671755726}}