{"llava": {"bleu_4": 0.036886855703087584, "meteor": 0.1861159392380422, "spice": 0.03592814371257485}, "qwen": {"bleu_4": 0.09128532387258256, "meteor": 0.2336930068081456, "spice": 0.04878048780487805}}