{"llava": {"bleu_4": 8.246659114166758e-06, "meteor": 0.1389875344802177, "spice": 0.0}, "qwen": {"bleu_4": 7.667923040935032e-06, "meteor": 0.10795869832871059, "spice": 0.0}}