{"llava": {"bleu_4": 0.06008821029903552, "meteor": 0.17911814523932576, "spice": 0.0594059405940594}, "qwen": {"bleu_4": 0.06357487816044712, "meteor": 0.16528085081256555, "spice": 0.024390243902439025}}