{"llava": {"bleu_4": 7.3698316377871744e-06, "meteor": 0.20033470794038327, "spice": 0.025531914893617023}, "qwen": {"bleu_4": 4.9430925334308595e-06, "meteor": 0.09960876079627691, "spice": 0.013986013986013984}}