{"llava": {"bleu_4": 0.10753517984341517, "meteor": 0.2082209500160803, "spice": 0.037037037037037035}, "qwen": {"bleu_4": 8.167537496018165e-10, "meteor": 0.07758543767879397, "spice": 0.037037037037037035}}