{"llava": {"bleu_4": 6.721154670252493e-10, "meteor": 0.12090209979068212, "spice": 0.0}, "qwen": {"bleu_4": 1.8483326514023874e-13, "meteor": 0.12782060266292924, "spice": 0.0}}