{"llava": {"bleu_4": 0.04303447657679997, "meteor": 0.153427860045352, "spice": 0.033333333333333326}, "qwen": {"bleu_4": 1.1975695025264491e-09, "meteor": 0.13653135030672306, "spice": 0.01923076923076923}}