{"llava": {"bleu_4": 6.131731397642124e-06, "meteor": 0.1711643018039496, "spice": 0.02857142857142857}, "qwen": {"bleu_4": 6.928417497012215e-06, "meteor": 0.13385477079260313, "spice": 0.15999999999999998}}