{"llava": {"bleu_4": 9.852638883032676e-10, "meteor": 0.13802545247664835, "spice": 0.014388489208633093}, "qwen": {"bleu_4": 9.639526213704599e-10, "meteor": 0.11017703913963713, "spice": 0.0}}