{"llava": {"bleu_4": 9.123446143696364e-06, "meteor": 0.16523316189096493, "spice": 0.08888888888888888}, "qwen": {"bleu_4": 8.670366123233613e-06, "meteor": 0.13772376334913922, "spice": 0.017391304347826087}}