{"llava": {"bleu_4": 7.95377558121584e-06, "meteor": 0.16734492442985754, "spice": 0.10937499999999999, "spice-pt": 0.021475256769374416}, "qwen": {"bleu_4": 7.447941591610577e-06, "meteor": 0.12052932238698441, "spice": 0.0851063829787234, "spice-pt": 0.04001333777925976}}