{"llava": {"bleu_4": 0.05387071426975961, "meteor": 0.18755857499615886, "spice": 0.03883495145631068, "spice-pt": 0.03700680272108844}, "qwen": {"bleu_4": 1.2514802970163473e-09, "meteor": 0.11320250645826592, "spice": 0.026315789473684213, "spice-pt": 0.0998439937597504}}