{"llava": {"bleu_4": 0.056197319648064424, "meteor": 0.15948537639222757, "spice": 0.04938271604938271, "spice-pt": 0.13557046979865772}, "qwen": {"bleu_4": 6.221949545047513e-10, "meteor": 0.09041432839739229, "spice": 0.0, "spice-pt": 0.05512572533849129}}