{"llava": {"bleu_4": 5.607360896359789e-06, "meteor": 0.19392248009982607, "spice": 0.0, "spice-pt": 0.011046133853151396}, "qwen": {"bleu_4": 9.412557515828594e-06, "meteor": 0.18248775295774305, "spice": 0.0, "spice-pt": 0.21693907875185736}}