{"llava": {"bleu_4": 5.110912194220023e-06, "meteor": 0.19642580558779185, "spice": 0.14659685863874344, "spice-pt": 0.04771505376344086}, "qwen": {"bleu_4": 0.04311831988647687, "meteor": 0.16600509602444816, "spice": 0.0522875816993464, "spice-pt": 0.056799563080284}}