{"llava": {"bleu_4": 6.1467356916412555e-06, "meteor": 0.17300503540201742, "spice": 0.05940594059405941, "spice-pt": 0.034532374100719423}, "qwen": {"bleu_4": 5.903992806947371e-06, "meteor": 0.14902691028051426, "spice": 0.0816326530612245, "spice-pt": 0.020047732696897372}}