{"llava": {"bleu_4": 7.915890080227543e-10, "meteor": 0.1512630172431098, "spice": 0.0, "spice-pt": 0.021505376344086023}, "qwen": {"bleu_4": 0.06371363809162262, "meteor": 0.21356451791056938, "spice": 0.0, "spice-pt": 0.05573770491803279}}