{"llava": {"bleu_4": 6.968890768373466e-06, "meteor": 0.19897423872931647, "spice": 0.041666666666666664, "spice-pt": 0.02800169707254985}, "qwen": {"bleu_4": 8.499296734216665e-06, "meteor": 0.1963564342029934, "spice": 0.05405405405405406, "spice-pt": 0.030701754385964918}}