{"llava": {"bleu_4": 6.473372503982622e-10, "meteor": 0.10395795530532523, "spice": 0.0, "spice-pt": 0.011322011322011322}, "qwen": {"bleu_4": 0.07258051610659896, "meteor": 0.14787895382118166, "spice": 0.022727272727272728, "spice-pt": 0.1352833638025594}}