{"llava": {"bleu_4": 0.06282998993904615, "meteor": 0.1558269865343714, "spice": 0.08955223880597014, "spice-pt": 0.044157242864835765}, "qwen": {"bleu_4": 0.07208807304245417, "meteor": 0.146185005044986, "spice": 0.03846153846153846, "spice-pt": 0.07180020811654526}}