{"llava": {"bleu_4": 8.246659114166758e-06, "meteor": 0.1389875344802177, "spice": 0.0, "spice-pt": 0.08571428571428572}, "qwen": {"bleu_4": 7.667923040935032e-06, "meteor": 0.10795869832871059, "spice": 0.0, "spice-pt": 0.23790642347343383}}