{"llava": {"bleu_4": 1.0768046681574556e-05, "meteor": 0.17048559894538487, "spice": 0.06666666666666667, "spice-pt": 0.10045662100456622}, "qwen": {"bleu_4": 0.18990839933272674, "meteor": 0.22847988990970733, "spice": 0.056074766355140186, "spice-pt": 0.08584474885844749}}