{"llava": {"bleu_4": 7.184637039242915e-06, "meteor": 0.18265669794825512, "spice": 0.052980132450331126, "spice-pt": 0.12791702679343128}, "qwen": {"bleu_4": 0.06014568253145544, "meteor": 0.1918808714333067, "spice": 0.0, "spice-pt": 0.21356421356421357}}