{"llava": {"bleu_4": 8.125077130288169e-10, "meteor": 0.118425731469698, "spice": 0.013888888888888888, "spice-pt": 0.0547945205479452}, "qwen": {"bleu_4": 0.059585051758322745, "meteor": 0.12743692309579918, "spice": 0.0816326530612245, "spice-pt": 0.09728506787330317}}