{"llava": {"bleu_4": 8.864061784822692e-10, "meteor": 0.14099830019946769, "spice": 0.0, "spice-pt": 0.010269576379974325}, "qwen": {"bleu_4": 1.0513349070391805e-09, "meteor": 0.11478946118071855, "spice": 0.0, "spice-pt": 0.024233784746970778}}