{"llava": {"bleu_4": 5.155110516962413e-06, "meteor": 0.11204530168003084, "spice": 0.05714285714285714, "spice-pt": 0.01346801346801347}, "qwen": {"bleu_4": 4.562971390289714e-06, "meteor": 0.09681196696388453, "spice": 0.02877697841726619, "spice-pt": 0.017527386541471048}}