{"llava": {"bleu_4": 6.367473282959984e-06, "meteor": 0.15776422114707056, "spice": 0.016260162601626015, "spice-pt": 0.02233502538071066}, "qwen": {"bleu_4": 1.2170814338524591e-09, "meteor": 0.1320006769583582, "spice": 0.0, "spice-pt": 0.04112554112554112}}