{"llava": {"bleu_4": 9.527488300929703e-10, "meteor": 0.15034988127121213, "spice": 0.0, "spice-pt": 0.04589885252868678}, "qwen": {"bleu_4": 7.645025898399445e-06, "meteor": 0.09738578452408317, "spice": 0.0, "spice-pt": 0.015954415954415956}}