{"llava": {"bleu_4": 3.165086914454608e-06, "meteor": 0.11959117627349586, "spice": 0.01282051282051282, "spice-pt": 0.022061358152361255}, "qwen": {"bleu_4": 9.16870122474433e-10, "meteor": 0.10490639627451197, "spice": 0.021052631578947368, "spice-pt": 0.018833535844471446}}