{"llava": {"bleu_4": 5.406179361848236e-06, "meteor": 0.17927102258613503, "spice": 0.0, "spice-pt": 0.01390081999219055}, "qwen": {"bleu_4": 0.08922000164871272, "meteor": 0.20104919927947484, "spice": 0.0, "spice-pt": 0.05612903225806452}}