{"llava": {"bleu_4": 1.1846255688500039e-09, "meteor": 0.14452087506627395, "spice": 0.1627906976744186, "spice-pt": 0.01860009789525208}, "qwen": {"bleu_4": 2.531371973401649e-13, "meteor": 0.11437962202136401, "spice": 0.0, "spice-pt": 0.04378109452736318}}