{"llava": {"bleu_4": 1.5634762918765943e-09, "meteor": 0.1581117966343333, "spice": 0.0, "spice-pt": 0.01935279187817259}, "qwen": {"bleu_4": 1.431799136911321e-09, "meteor": 0.14372101407192028, "spice": 0.0, "spice-pt": 0.00254679740226665}}