{"llava": {"bleu_4": 0.03264499410649458, "meteor": 0.15868338626848238, "spice": 0.1925925925925926, "spice-pt": 0.17460317460317462}, "qwen": {"bleu_4": 0.07724544140674691, "meteor": 0.18858968788153938, "spice": 0.33599999999999997, "spice-pt": 0.08829568788501027}}