{"llava": {"bleu_4": 1.3392387117124399e-05, "meteor": 0.2117650839540373, "spice": 0.048780487804878044, "spice-pt": 0.023567921440261864}, "qwen": {"bleu_4": 1.2980081128158998e-09, "meteor": 0.1371144743763395, "spice": 0.0, "spice-pt": 0.03735144312393888}}