{"llava": {"bleu_4": 8.088940562986951e-10, "meteor": 0.15921788517195656, "spice": 0.01869158878504673, "spice-pt": 0.14566929133858267}, "qwen": {"bleu_4": 9.457567414593255e-10, "meteor": 0.15062186984329784, "spice": 0.0, "spice-pt": 0.03995006242197254}}