{"llava": {"bleu_4": 1.433436567174199e-09, "meteor": 0.1496794835810781, "spice": 0.03053435114503817, "spice-pt": 0.028360049321824905}, "qwen": {"bleu_4": 1.0991417580503346e-09, "meteor": 0.10065301435186236, "spice": 0.017094017094017096, "spice-pt": 0.02843966179861645}}