{"llava": {"bleu_4": 8.733192897450688e-10, "meteor": 0.12842323042691184, "spice": 0.015748031496062992, "spice-pt": 0.0035064650449265836}, "qwen": {"bleu_4": 0.06217201460147903, "meteor": 0.11927568480149338, "spice": 0.024691358024691357, "spice-pt": 0.2160493827160494}}