{
    "llava": {
        "bleu_4": 0.4516649026152942,
        "meteor": 0.23878279297225347,
        "spice": 0.11580594679186229,
        "cider-d": 0.0,
        "spice-pt": 0.009661835748792268
    },
    "qwen": {
        "bleu_4": 0.8551033094357965,
        "meteor": 0.5003418941261332,
        "spice": 0.10420168067226891,
        "cider-d": 0.0,
        "spice-pt": 0.04449862846693082
    }
}