{
    "llava": {
        "bleu_4": 0.5370219357683266,
        "meteor": 0.43559506889891975,
        "spice": 0.16256157635467983,
        "cider-d": 0.0,
        "spice-pt": 0.021052631578947368
    },
    "qwen": {
        "bleu_4": 0.6272143941416606,
        "meteor": 0.2422625288800596,
        "spice": 0.11666666666666667,
        "cider-d": 0.0,
        "spice-pt": 0.09429824561403509
    }
}