{
    "llava": {
        "bleu_4": 0.15281535153727527,
        "meteor": 0.23339637713552375,
        "spice": 0.07920792079207921,
        "cider-d": 0.0,
        "spice-pt": 0
    },
    "qwen": {
        "bleu_4": 0.5778372795347944,
        "meteor": 0.36229623356819773,
        "spice": 0.16304347826086957,
        "cider-d": 0.0,
        "spice-pt": 0.3414634146341463
    }
}