{
    "llava": {
        "bleu_4": 0.19571139483478142,
        "meteor": 0.17540579327432212,
        "spice": 0.10000000000000002,
        "cider-d": 0.0,
        "spice-pt": 0
    },
    "qwen": {
        "bleu_4": 0.5887311407789888,
        "meteor": 0.29309982517200134,
        "spice": 0.17964071856287425,
        "cider-d": 0.0,
        "spice-pt": 0.029850746268656716
    }
}