{
    "llava": {
        "bleu_4": 0.3290776068769136,
        "meteor": 0.30298002369635496,
        "spice": 0.19730941704035876,
        "cider-d": 0.0,
        "spice-pt": 0
    },
    "qwen": {
        "bleu_4": 0.5007850884813675,
        "meteor": 0.3459088758802858,
        "spice": 0.21890547263681592,
        "cider-d": 0.0,
        "spice-pt": 0.35714285714285715
    }
}