{
    "llava": {
        "bleu_4": 0.4003952440762133,
        "meteor": 0.22162070022170743,
        "spice": 0.1506849315068493,
        "cider-d": 0.0,
        "spice-pt": 0
    },
    "qwen": {
        "bleu_4": 0.7131213448287802,
        "meteor": 0.4546150223099632,
        "spice": 0.16788321167883213,
        "cider-d": 0.0,
        "spice-pt": 0.3956043956043956
    }
}