{
    "llava": {
        "bleu_4": 0.20607112768208477,
        "meteor": 0.19927512167530642,
        "spice": 0.07734806629834255,
        "cider-d": 0.0,
        "spice-pt": 0
    },
    "qwen": {
        "bleu_4": 0.9099951253339531,
        "meteor": 0.6400799110611053,
        "spice": 0.25142857142857145,
        "cider-d": 0.0,
        "spice-pt": 0.3913043478260869
    }
}