{
    "llava": {
        "bleu_4": 0.5175813046673946,
        "meteor": 0.4184270961506511,
        "spice": 0.22222222222222218,
        "cider-d": 0.0,
        "spice-pt": 0
    },
    "qwen": {
        "bleu_4": 0.365729641251165,
        "meteor": 0.2023502737262372,
        "spice": 0.15384615384615385,
        "cider-d": 0.0,
        "spice-pt": 0.37037037037037035
    }
}