{
    "llava": {
        "bleu_4": 0.2819322008210503,
        "meteor": 0.19794458953253902,
        "spice": 0.11940298507462686,
        "cider-d": 0.0,
        "spice-pt": 0
    },
    "qwen": {
        "bleu_4": 0.8811094669666888,
        "meteor": 0.4735200205222779,
        "spice": 0.27272727272727276,
        "cider-d": 0.0,
        "spice-pt": 0
    }
}